"id","sex"
1,"M"
2,"M"
3,"M"
4,"F"
5,"F"
6,"M"
7,"M"
8,"F"
9,"M"
10,"M"
11,"M"
12,"F"
13,"M"
14,"M"
15,"M"
16,"M"
17,"F"
18,"F"
19,"F"
20,"F"
21,"M"
22,"M"
23,"F"
24,"F"
25,"F"
26,"M"
27,"F"
28,"F"
29,"F"
30,"F"
31,"F"
32,"F"
33,"M"
34,"F"
35,"M"
36,"F"
37,"F"
38,"F"
39,"F"
40,"M"
41,"M"
42,"M"
43,"F"
44,"M"
45,"F"
46,"F"
47,"M"
48,"M"
49,"M"
50,"M"
51,"F"
52,"F"
53,"M"
54,"F"
55,"F"
56,"F"
57,"M"
58,"F"
59,"F"
60,"M"
61,"F"
62,"M"
63,"F"
64,"F"
65,"M"
66,"M"
67,"M"
68,"M"
69,"F"
70,"M"
71,"F"
72,"F"
73,"F"
74,"F"
75,"M"
76,"F"
77,"F"
78,"F"
79,"M"
80,"M"
81,"F"
82,"F"
83,"M"
84,"M"
85,"F"
86,"M"
87,"M"
88,"M"
89,"M"
90,"F"
91,"M"
92,"M"
93,"M"
94,"M"
95,"M"
96,"M"
97,"M"
98,"M"
99,"M"
100,"M"
101,"M"
102,"M"
103,"M"
104,"M"
105,"F"
106,"M"
107,"M"
108,"M"
109,"M"
110,"M"
111,"M"
112,"M"
113,"M"
114,"M"
115,"F"
116,"M"
117,"M"
118,"M"
119,"F"
120,"F"
121,"M"
122,"M"
123,"M"
124,"F"
125,"F"
126,"F"
127,"F"
128,"M"
129,"M"
130,"F"
131,"M"
132,"M"
133,"F"
134,"M"
135,"F"
136,"M"
137,"F"
138,"M"
139,"F"
140,"M"
141,"M"
142,"M"
143,"M"
144,"M"
145,"M"
146,"M"
147,"M"
148,"M"
149,"F"
150,"M"
151,"F"
152,"F"
153,"M"
154,"M"
155,"M"
156,"M"
157,"F"
158,"F"
159,"M"
160,"F"
161,"F"
162,"M"
163,"M"
164,"M"
165,"F"
166,"F"
167,"F"
168,"M"
169,"F"
170,"F"
171,"M"
172,"M"
173,"F"
174,"F"
175,"M"
176,"M"
177,"F"
178,"F"
179,"F"
180,"F"
181,"F"
182,"F"
183,"F"
184,"F"
185,"F"
186,"F"
187,"F"
188,"F"
189,"M"
190,"F"
191,"F"
192,"M"
193,"M"
194,"F"
195,"F"
196,"M"
197,"M"
198,"M"
199,"F"
200,"M"
201,"F"
202,"F"
203,"F"
204,"M"
205,"M"
206,"M"
207,"F"
208,"M"
209,"M"
210,"F"
211,"F"
212,"F"
213,"F"
214,"F"
215,"F"
216,"M"
217,"M"
218,"F"
219,"M"
220,"F"
221,"M"
222,"F"
223,"F"
224,"F"
225,"M"
226,"F"
227,"M"
228,"F"
229,"M"
230,"F"
231,"M"
232,"M"
233,"M"
234,"M"
235,"F"
236,"F"
237,"M"
238,"F"
239,"F"
240,"M"
241,"M"
242,"M"
243,"F"
244,"F"
245,"M"
246,"M"
247,"M"
248,"M"
249,"M"
250,"F"
251,"F"
252,"F"
253,"M"
254,"F"
255,"F"
256,"F"
257,"M"
258,"F"
259,"F"
260,"F"
261,"F"
262,"F"
263,"M"
264,"M"
265,"M"
266,"F"
267,"F"
268,"F"
269,"F"
270,"M"
271,"M"
272,"F"
273,"M"
274,"M"
275,"M"
276,"F"
277,"F"
278,"M"
279,"M"
280,"F"
281,"F"
282,"F"
283,"F"
284,"F"
285,"F"
286,"F"
287,"M"
288,"F"
289,"F"
290,"F"
291,"M"
292,"F"
293,"M"
294,"F"
295,"M"
296,"M"
297,"F"
298,"F"
299,"F"
300,"F"
301,"M"
302,"M"
303,"F"
304,"F"
305,"F"
306,"M"
307,"F"
308,"F"
309,"F"
310,"M"
311,"F"
312,"F"
313,"M"
314,"F"
315,"M"
316,"M"
317,"F"
318,"M"
319,"F"
320,"F"
321,"F"
322,"F"
323,"M"
324,"M"
325,"M"
326,"F"
327,"F"
328,"M"
329,"M"
330,"M"
331,"M"
332,"M"
333,"F"
334,"F"
335,"F"
336,"F"
337,"M"
338,"M"
339,"F"
340,"M"
341,"M"
342,"M"
343,"M"
344,"M"
345,"M"
346,"F"
347,"M"
348,"F"
349,"M"
350,"F"
351,"M"
352,"M"
353,"F"
354,"F"
355,"M"
356,"F"
357,"M"
358,"F"
359,"F"
360,"F"
361,"M"
362,"M"
363,"M"
364,"F"
365,"M"
366,"M"
367,"M"
368,"F"
369,"F"
370,"F"
371,"F"
372,"F"
373,"F"
374,"F"
375,"F"
376,"M"
377,"F"
378,"F"
379,"F"
380,"M"
381,"M"
382,"M"
383,"M"
384,"M"
385,"M"
386,"F"
387,"F"
388,"F"
389,"F"
390,"M"
391,"M"
392,"F"
393,"F"
394,"F"
395,"M"
396,"M"
397,"M"
398,"F"
399,"M"
400,"F"
401,"F"
402,"M"
403,"F"
404,"M"
405,"M"
406,"M"
407,"M"
408,"F"
409,"F"
410,"M"
411,"F"
412,"M"
413,"F"
414,"F"
415,"M"
416,"F"
417,"M"
418,"M"
419,"M"
420,"M"
421,"F"
422,"M"
423,"F"
424,"F"
425,"F"
426,"M"
427,"M"
428,"M"
429,"F"
430,"M"
431,"F"
432,"M"
433,"F"
434,"F"
435,"M"
436,"M"
437,"F"
438,"M"
439,"F"
440,"F"
441,"F"
442,"F"
443,"M"
444,"M"
445,"M"
446,"F"
447,"M"
448,"M"
449,"F"
450,"F"
451,"M"
452,"M"
453,"F"
454,"F"
455,"M"
456,"M"
457,"F"
458,"F"
459,"M"
460,"M"
461,"M"
462,"F"
463,"F"
464,"F"
465,"M"
466,"F"
467,"M"
468,"M"
469,"F"
470,"M"
471,"M"
472,"M"
473,"M"
474,"M"
475,"M"
476,"M"
477,"F"
478,"F"
479,"M"
480,"F"
481,"M"
482,"M"
483,"M"
484,"F"
485,"F"
486,"F"
487,"M"
488,"M"
489,"F"
490,"M"
491,"M"
492,"F"
493,"F"
494,"F"
495,"M"
496,"M"
497,"M"
498,"M"
499,"M"
500,"F"
501,"F"
502,"M"
503,"M"
504,"M"
505,"F"
506,"F"
507,"F"
508,"M"
509,"M"
510,"M"
511,"M"
512,"M"
513,"M"
514,"F"
515,"M"
516,"F"
517,"F"
518,"M"
519,"M"
520,"M"
521,"M"
522,"M"
523,"M"
524,"F"
525,"F"
526,"F"
527,"M"
528,"M"
529,"M"
530,"M"
531,"F"
532,"F"
533,"F"
534,"M"
535,"M"
536,"M"
537,"F"
538,"M"
539,"F"
540,"F"
541,"F"
542,"M"
543,"F"
544,"F"
545,"F"
546,"F"
547,"F"
548,"M"
549,"M"
550,"F"
551,"F"
552,"M"
553,"F"
554,"M"
555,"M"
556,"M"
557,"M"
558,"M"
559,"M"
560,"M"
561,"F"
562,"M"
563,"F"
564,"M"
565,"M"
566,"F"
567,"M"
568,"F"
569,"F"
570,"F"
571,"M"
572,"F"
573,"M"
574,"F"
575,"F"
576,"F"
577,"F"
578,"M"
579,"F"
580,"M"
581,"M"
582,"M"
583,"M"
584,"F"
585,"M"
586,"F"
587,"F"
588,"M"
589,"M"
590,"F"
591,"M"
592,"F"
593,"M"
594,"F"
595,"F"
596,"F"
597,"M"
598,"M"
599,"F"
600,"F"
601,"F"
602,"F"
603,"M"
604,"F"
605,"M"
606,"M"
607,"M"
608,"F"
609,"M"
610,"M"
611,"M"
612,"M"
613,"F"
614,"F"
615,"F"
616,"M"
617,"M"
618,"F"
619,"M"
620,"F"
621,"M"
622,"M"
623,"M"
624,"M"
625,"M"
626,"M"
627,"F"
628,"F"
629,"M"
630,"M"
631,"M"
632,"M"
633,"F"
634,"M"
635,"F"
636,"M"
637,"M"
638,"F"
639,"M"
640,"M"
641,"F"
642,"F"
643,"M"
644,"M"
645,"F"
646,"F"
647,"F"
648,"F"
649,"F"
650,"M"
651,"M"
652,"M"
653,"M"
654,"M"
655,"M"
656,"F"
657,"M"
658,"F"
659,"F"
660,"M"
661,"F"
662,"M"
663,"F"
664,"M"
665,"F"
666,"F"
667,"F"
668,"F"
669,"M"
670,"F"
671,"F"
672,"M"
673,"M"
674,"M"
675,"M"
676,"M"
677,"F"
678,"F"
679,"M"
680,"F"
681,"M"
682,"F"
683,"M"
684,"M"
685,"F"
686,"F"
687,"M"
688,"M"
689,"F"
690,"F"
691,"F"
692,"M"
693,"F"
694,"M"
695,"F"
696,"M"
697,"F"
698,"F"
699,"M"
700,"M"
701,"F"
702,"F"
703,"F"
704,"F"
705,"M"
706,"M"
707,"M"
708,"F"
709,"F"
710,"M"
711,"F"
712,"M"
713,"F"
714,"M"
715,"F"
716,"M"
717,"M"
718,"M"
719,"F"
720,"F"
721,"M"
722,"M"
723,"F"
724,"F"
725,"F"
726,"M"
727,"M"
728,"M"
729,"M"
730,"M"
731,"M"
732,"M"
733,"M"
734,"M"
735,"F"
736,"M"
737,"F"
738,"F"
739,"M"
740,"M"
741,"M"
742,"F"
743,"F"
744,"M"
745,"F"
746,"M"
747,"M"
748,"M"
749,"F"
750,"F"
751,"M"
752,"M"
753,"F"
754,"F"
755,"F"
756,"F"
757,"M"
758,"F"
759,"M"
760,"F"
761,"F"
762,"M"
763,"M"
764,"F"
765,"F"
766,"F"
767,"M"
768,"M"
769,"F"
770,"F"
771,"M"
772,"M"
773,"F"
774,"F"
775,"F"
776,"F"
777,"F"
778,"F"
779,"M"
780,"F"
781,"F"
782,"F"
783,"M"
784,"M"
785,"M"
786,"M"
787,"F"
788,"F"
789,"F"
790,"F"
791,"M"
792,"F"
793,"M"
794,"M"
795,"F"
796,"F"
797,"F"
798,"F"
799,"M"
800,"F"
801,"M"
802,"F"
803,"M"
804,"M"
805,"F"
806,"M"
807,"M"
808,"M"
809,"M"
810,"F"
811,"F"
812,"M"
813,"F"
814,"M"
815,"F"
816,"M"
817,"F"
818,"F"
819,"F"
820,"M"
821,"M"
822,"M"
823,"M"
824,"M"
825,"F"
826,"M"
827,"F"
828,"F"
829,"F"
830,"M"
831,"F"
832,"F"
833,"F"
834,"M"
835,"M"
836,"F"
837,"F"
838,"M"
839,"M"
840,"F"
841,"M"
842,"F"
843,"F"
844,"F"
845,"F"
846,"F"
847,"M"
848,"M"
849,"M"
850,"F"
851,"F"
852,"M"
853,"M"
854,"M"
855,"F"
856,"F"
857,"F"
858,"M"
859,"F"
860,"M"
861,"F"
862,"M"
863,"M"
864,"F"
865,"M"
866,"M"
867,"F"
868,"F"
869,"F"
870,"F"
871,"M"
872,"F"
873,"M"
874,"F"
875,"M"
876,"M"
877,"M"
878,"M"
879,"F"
880,"M"
881,"M"
882,"M"
883,"M"
884,"M"
885,"M"
886,"M"
887,"M"
888,"M"
889,"M"
890,"F"
891,"M"
892,"M"
893,"F"
894,"F"
895,"M"
896,"M"
897,"F"
898,"M"
899,"F"
900,"F"
901,"M"
902,"M"
903,"F"
904,"M"
905,"F"
906,"F"
907,"F"
908,"M"
909,"F"
910,"M"
911,"F"
912,"M"
913,"F"
914,"F"
915,"F"
916,"F"
917,"M"
918,"M"
919,"M"
920,"M"
921,"M"
922,"F"
923,"M"
924,"F"
925,"F"
926,"F"
927,"F"
928,"F"
929,"F"
930,"F"
931,"F"
932,"M"
933,"F"
934,"M"
935,"F"
936,"M"
937,"M"
938,"F"
939,"F"
940,"F"
941,"M"
942,"F"
943,"M"
944,"F"
945,"M"
946,"M"
947,"M"
948,"M"
949,"F"
950,"M"
951,"M"
952,"F"
953,"M"
954,"F"
955,"F"
956,"F"
957,"M"
958,"F"
959,"M"
960,"F"
961,"M"
962,"F"
963,"F"
964,"M"
965,"M"
966,"M"
967,"M"
968,"F"
969,"F"
970,"F"
971,"F"
972,"M"
973,"M"
974,"M"
975,"F"
976,"F"
977,"M"
978,"M"
979,"F"
980,"F"
981,"F"
982,"F"
983,"F"
984,"F"
985,"M"
986,"F"
987,"M"
988,"F"
989,"M"
990,"F"
991,"F"
992,"M"
993,"F"
994,"F"
995,"F"
996,"M"
997,"M"
998,"F"
999,"F"
1000,"F"
1001,"M"
1002,"M"
1003,"F"
1004,"F"
1005,"M"
1006,"M"
1007,"F"
1008,"F"
1009,"F"
1010,"F"
1011,"M"
1012,"M"
1013,"F"
1014,"F"
1015,"F"
1016,"M"
1017,"M"
1018,"M"
1019,"M"
1020,"M"
1021,"M"
1022,"M"
1023,"M"
1024,"M"
1025,"F"
1026,"F"
1027,"F"
1028,"M"
1029,"M"
1030,"M"
1031,"M"
1032,"F"
1033,"F"
1034,"F"
1035,"F"
1036,"F"
1037,"M"
1038,"F"
1039,"M"
1040,"F"
1041,"F"
1042,"F"
1043,"F"
1044,"M"
1045,"F"
1046,"F"
1047,"M"
1048,"F"
1049,"M"
1050,"M"
1051,"F"
1052,"M"
1053,"M"
1054,"M"
1055,"F"
1056,"F"
1057,"M"
1058,"M"
1059,"F"
1060,"M"
1061,"M"
1062,"M"
1063,"M"
1064,"M"
1065,"M"
1066,"F"
1067,"F"
1068,"F"
1069,"M"
1070,"F"
1071,"F"
1072,"F"
1073,"M"
1074,"M"
1075,"M"
1076,"F"
1077,"M"
1078,"M"
1079,"M"
1080,"F"
1081,"M"
1082,"M"
1083,"F"
1084,"F"
1085,"M"
1086,"M"
1087,"M"
1088,"F"
1089,"F"
1090,"M"
1091,"F"
1092,"M"
1093,"M"
1094,"F"
1095,"M"
1096,"M"
1097,"F"
1098,"M"
1099,"M"
1100,"M"
1101,"M"
1102,"M"
1103,"F"
1104,"F"
1105,"M"
1106,"M"
1107,"F"
1108,"M"
1109,"F"
1110,"F"
1111,"M"
1112,"F"
1113,"M"
1114,"F"
1115,"M"
1116,"M"
1117,"F"
1118,"M"
1119,"M"
1120,"M"
1121,"F"
1122,"M"
1123,"F"
1124,"M"
1125,"M"
1126,"F"
1127,"M"
1128,"M"
1129,"F"
1130,"M"
1131,"M"
1132,"F"
1133,"M"
1134,"F"
1135,"M"
1136,"F"
1137,"F"
1138,"F"
1139,"F"
1140,"F"
1141,"F"
1142,"F"
1143,"M"
1144,"F"
1145,"M"
1146,"M"
1147,"M"
1148,"M"
1149,"F"
1150,"F"
1151,"F"
1152,"M"
1153,"M"
1154,"F"
1155,"F"
1156,"F"
1157,"F"
1158,"M"
1159,"F"
1160,"M"
1161,"F"
1162,"F"
1163,"F"
1164,"M"
1165,"M"
1166,"M"
1167,"M"
1168,"M"
1169,"M"
1170,"M"
1171,"F"
1172,"M"
1173,"M"
1174,"F"
1175,"M"
1176,"F"
1177,"M"
1178,"F"
1179,"F"
1180,"M"
1181,"M"
1182,"M"
1183,"F"
1184,"M"
1185,"F"
1186,"F"
1187,"M"
1188,"M"
1189,"F"
1190,"F"
1191,"M"
1192,"M"
1193,"F"
1194,"M"
1195,"F"
1196,"M"
1197,"M"
1198,"M"
1199,"F"
1200,"M"
1201,"F"
1202,"M"
1203,"F"
1204,"M"
1205,"M"
1206,"F"
1207,"M"
1208,"F"
1209,"M"
1210,"F"
1211,"F"
1212,"M"
1213,"M"
1214,"M"
1215,"M"
1216,"F"
1217,"M"
1218,"F"
1219,"M"
1220,"M"
1221,"M"
1222,"M"
1223,"F"
1224,"F"
1225,"F"
1226,"M"
1227,"M"
1228,"F"
1229,"F"
1230,"F"
1231,"F"
1232,"M"
1233,"F"
1234,"M"
1235,"M"
1236,"F"
1237,"M"
1238,"M"
1239,"F"
1240,"M"
1241,"F"
1242,"F"
1243,"F"
1244,"F"
1245,"M"
1246,"M"
1247,"F"
1248,"F"
1249,"M"
1250,"M"
1251,"F"
1252,"M"
1253,"M"
1254,"M"
1255,"M"
1256,"F"
1257,"F"
1258,"F"
1259,"F"
1260,"M"
1261,"M"
1262,"M"
1263,"M"
1264,"M"
1265,"F"
1266,"M"
1267,"M"
1268,"M"
1269,"F"
1270,"F"
1271,"F"
1272,"M"
1273,"F"
1274,"F"
1275,"F"
1276,"F"
1277,"M"
1278,"M"
1279,"F"
1280,"M"
1281,"F"
1282,"F"
1283,"M"
1284,"F"
1285,"M"
1286,"F"
1287,"F"
1288,"M"
1289,"F"
1290,"M"
1291,"F"
1292,"M"
1293,"F"
1294,"F"
1295,"M"
1296,"M"
1297,"F"
1298,"F"
1299,"M"
1300,"F"
1301,"M"
1302,"F"
1303,"F"
1304,"M"
1305,"M"
1306,"M"
1307,"F"
1308,"M"
1309,"F"
1310,"F"
1311,"M"
1312,"F"
1313,"M"
1314,"M"
1315,"M"
1316,"M"
1317,"M"
1318,"F"
1319,"F"
1320,"F"
1321,"F"
1322,"M"
1323,"M"
1324,"F"
1325,"F"
1326,"M"
1327,"M"
1328,"F"
1329,"M"
1330,"M"
1331,"F"
1332,"F"
1333,"M"
1334,"M"
1335,"F"
1336,"M"
1337,"M"
1338,"M"
1339,"M"
1340,"F"
1341,"M"
1342,"F"
1343,"F"
1344,"F"
1345,"F"
1346,"M"
1347,"M"
1348,"F"
1349,"M"
1350,"M"
1351,"F"
1352,"F"
1353,"M"
1354,"F"
1355,"F"
1356,"F"
1357,"M"
1358,"M"
1359,"F"
1360,"F"
1361,"M"
1362,"F"
1363,"M"
1364,"F"
1365,"F"
1366,"M"
1367,"M"
1368,"M"
1369,"F"
1370,"M"
1371,"F"
1372,"M"
1373,"F"
1374,"F"
1375,"F"
1376,"M"
1377,"F"
1378,"F"
1379,"F"
1380,"F"
1381,"M"
1382,"F"
1383,"M"
1384,"M"
1385,"F"
1386,"M"
1387,"F"
1388,"M"
1389,"F"
1390,"F"
1391,"M"
1392,"M"
1393,"M"
1394,"M"
1395,"M"
1396,"F"
1397,"M"
1398,"F"
1399,"F"
1400,"F"
1401,"F"
1402,"F"
1403,"M"
1404,"M"
1405,"M"
1406,"F"
1407,"F"
1408,"M"
1409,"F"
1410,"M"
1411,"M"
1412,"M"
1413,"M"
1414,"M"
1415,"F"
1416,"M"
1417,"M"
1418,"M"
1419,"M"
1420,"M"
1421,"M"
1422,"F"
1423,"F"
1424,"M"
1425,"M"
1426,"M"
1427,"M"
1428,"F"
1429,"F"
1430,"M"
1431,"F"
1432,"F"
1433,"F"
1434,"F"
1435,"M"
1436,"M"
1437,"M"
1438,"F"
1439,"M"
1440,"F"
1441,"M"
1442,"M"
1443,"F"
1444,"M"
1445,"M"
1446,"M"
1447,"M"
1448,"F"
1449,"F"
1450,"M"
1451,"F"
1452,"F"
1453,"F"
1454,"F"
1455,"F"
1456,"M"
1457,"M"
1458,"F"
1459,"M"
1460,"F"
1461,"F"
1462,"F"
1463,"F"
1464,"M"
1465,"M"
1466,"F"
1467,"F"
1468,"M"
1469,"M"
1470,"M"
1471,"F"
1472,"M"
1473,"M"
1474,"M"
1475,"M"
1476,"M"
1477,"M"
1478,"M"
1479,"M"
1480,"M"
1481,"F"
1482,"M"
1483,"M"
1484,"M"
1485,"F"
1486,"F"
1487,"F"
1488,"M"
1489,"F"
1490,"M"
1491,"M"
1492,"M"
1493,"F"
1494,"M"
1495,"M"
1496,"F"
1497,"M"
1498,"F"
1499,"M"
1500,"M"
1501,"F"
1502,"M"
1503,"M"
1504,"M"
1505,"M"
1506,"F"
1507,"F"
1508,"F"
1509,"M"
1510,"M"
1511,"F"
1512,"F"
1513,"F"
1514,"M"
1515,"F"
1516,"M"
1517,"M"
1518,"M"
1519,"F"
1520,"M"
1521,"F"
1522,"M"
1523,"M"
1524,"F"
1525,"M"
1526,"M"
1527,"M"
1528,"M"
1529,"F"
1530,"F"
1531,"M"
1532,"F"
1533,"M"
1534,"F"
1535,"M"
1536,"F"
1537,"M"
1538,"M"
1539,"M"
1540,"M"
1541,"F"
1542,"M"
1543,"F"
1544,"F"
1545,"M"
1546,"F"
1547,"F"
1548,"M"
1549,"M"
1550,"F"
1551,"M"
1552,"F"
1553,"M"
1554,"M"
1555,"M"
1556,"M"
1557,"F"
1558,"F"
1559,"M"
1560,"F"
1561,"F"
1562,"F"
1563,"M"
1564,"M"
1565,"M"
1566,"M"
1567,"F"
1568,"F"
1569,"M"
1570,"M"
1571,"F"
1572,"M"
1573,"F"
1574,"M"
1575,"M"
1576,"M"
1577,"F"
1578,"F"
1579,"F"
1580,"F"
1581,"F"
1582,"M"
1583,"F"
1584,"F"
1585,"F"
1586,"M"
1587,"F"
1588,"M"
1589,"F"
1590,"F"
1591,"M"
1592,"F"
1593,"M"
1594,"F"
1595,"F"
1596,"F"
1597,"F"
1598,"F"
1599,"M"
1600,"M"
1601,"F"
1602,"M"
1603,"M"
1604,"F"
1605,"M"
1606,"M"
1607,"F"
1608,"M"
1609,"M"
1610,"F"
1611,"M"
1612,"F"
1613,"M"
1614,"F"
1615,"M"
1616,"F"
1617,"M"
1618,"M"
1619,"F"
1620,"M"
1621,"M"
1622,"F"
1623,"F"
1624,"M"
1625,"F"
1626,"F"
1627,"M"
1628,"F"
1629,"M"
1630,"M"
1631,"M"
1632,"M"
1633,"M"
1634,"M"
1635,"F"
1636,"M"
1637,"F"
1638,"F"
1639,"F"
1640,"F"
1641,"F"
1642,"M"
1643,"F"
1644,"M"
1645,"F"
1646,"M"
1647,"F"
1648,"F"
1649,"F"
1650,"M"
1651,"F"
1652,"F"
1653,"M"
1654,"F"
1655,"M"
1656,"F"
1657,"F"
1658,"F"
1659,"F"
1660,"F"
1661,"F"
1662,"F"
1663,"M"
1664,"M"
1665,"M"
1666,"F"
1667,"F"
1668,"M"
1669,"M"
1670,"F"
1671,"F"
1672,"M"
1673,"M"
1674,"F"
1675,"F"
1676,"F"
1677,"F"
1678,"M"
1679,"M"
1680,"M"
1681,"M"
1682,"M"
1683,"F"
1684,"F"
1685,"F"
1686,"M"
1687,"F"
1688,"M"
1689,"F"
1690,"F"
1691,"F"
1692,"F"
1693,"M"
1694,"M"
1695,"F"
1696,"F"
1697,"M"
1698,"M"
1699,"F"
1700,"M"
1701,"F"
1702,"M"
1703,"M"
1704,"M"
1705,"F"
1706,"F"
1707,"F"
1708,"M"
1709,"M"
1710,"M"
1711,"F"
1712,"M"
1713,"F"
1714,"F"
1715,"M"
1716,"F"
1717,"F"
1718,"M"
1719,"F"
1720,"M"
1721,"F"
1722,"F"
1723,"F"
1724,"F"
1725,"F"
1726,"M"
1727,"M"
1728,"M"
1729,"F"
1730,"M"
1731,"F"
1732,"F"
1733,"F"
1734,"F"
1735,"F"
1736,"F"
1737,"F"
1738,"F"
1739,"F"
1740,"M"
1741,"M"
1742,"M"
1743,"F"
1744,"F"
1745,"F"
1746,"M"
1747,"M"
1748,"M"
1749,"F"
1750,"M"
1751,"M"
1752,"F"
1753,"M"
1754,"M"
1755,"M"
1756,"F"
1757,"F"
1758,"F"
1759,"F"
1760,"M"
1761,"F"
1762,"M"
1763,"M"
1764,"M"
1765,"M"
1766,"F"
1767,"M"
1768,"M"
1769,"M"
1770,"F"
1771,"F"
1772,"M"
1773,"F"
1774,"M"
1775,"M"
1776,"F"
1777,"M"
1778,"M"
1779,"F"
1780,"M"
1781,"F"
1782,"M"
1783,"F"
1784,"M"
1785,"M"
1786,"M"
1787,"M"
1788,"M"
1789,"F"
1790,"F"
1791,"M"
1792,"M"
1793,"M"
1794,"F"
1795,"F"
1796,"M"
1797,"M"
1798,"F"
1799,"M"
1800,"F"
1801,"M"
1802,"F"
1803,"F"
1804,"F"
1805,"M"
1806,"F"
1807,"F"
1808,"F"
1809,"M"
1810,"F"
1811,"M"
1812,"F"
1813,"M"
1814,"M"
1815,"M"
1816,"F"
1817,"F"
1818,"M"
1819,"F"
1820,"M"
1821,"M"
1822,"M"
1823,"F"
1824,"M"
1825,"F"
1826,"F"
1827,"M"
1828,"M"
1829,"F"
1830,"F"
1831,"F"
1832,"F"
1833,"F"
1834,"F"
1835,"F"
1836,"F"
1837,"F"
1838,"F"
1839,"M"
1840,"M"
1841,"F"
1842,"M"
1843,"M"
1844,"F"
1845,"M"
1846,"F"
1847,"F"
1848,"F"
1849,"F"
1850,"M"
1851,"F"
1852,"M"
1853,"M"
1854,"F"
1855,"F"
1856,"F"
1857,"F"
1858,"M"
1859,"M"
1860,"M"
1861,"M"
1862,"M"
1863,"M"
1864,"F"
1865,"M"
1866,"M"
1867,"F"
1868,"F"
1869,"F"
1870,"M"
1871,"F"
1872,"F"
1873,"F"
1874,"F"
1875,"F"
1876,"F"
1877,"M"
1878,"M"
1879,"F"
1880,"M"
1881,"M"
1882,"M"
1883,"F"
1884,"F"
1885,"M"
1886,"F"
1887,"F"
1888,"M"
1889,"M"
1890,"M"
1891,"F"
1892,"F"
1893,"F"
1894,"F"
1895,"M"
1896,"F"
1897,"F"
1898,"F"
1899,"F"
1900,"M"
1901,"M"
1902,"M"
1903,"M"
1904,"M"
1905,"M"
1906,"F"
1907,"M"
1908,"F"
1909,"M"
1910,"F"
1911,"F"
1912,"M"
1913,"M"
1914,"F"
1915,"F"
1916,"M"
1917,"M"
1918,"M"
1919,"F"
1920,"F"
1921,"M"
1922,"F"
1923,"M"
1924,"F"
1925,"F"
1926,"M"
1927,"M"
1928,"M"
1929,"F"
1930,"F"
1931,"F"
1932,"M"
1933,"F"
1934,"M"
1935,"M"
1936,"F"
1937,"M"
1938,"M"
1939,"F"
1940,"M"
1941,"M"
1942,"F"
1943,"M"
1944,"M"
1945,"F"
1946,"M"
1947,"M"
1948,"F"
1949,"M"
1950,"F"
1951,"F"
1952,"F"
1953,"F"
1954,"F"
1955,"M"
1956,"F"
1957,"M"
1958,"F"
1959,"F"
1960,"F"
1961,"F"
1962,"F"
1963,"F"
1964,"F"
1965,"M"
1966,"M"
1967,"M"
1968,"F"
1969,"F"
1970,"M"
1971,"F"
1972,"M"
1973,"M"
1974,"M"
1975,"M"
1976,"F"
1977,"F"
1978,"F"
1979,"F"
1980,"F"
1981,"M"
1982,"F"
1983,"F"
1984,"M"
1985,"F"
1986,"M"
1987,"M"
1988,"M"
1989,"F"
1990,"M"
1991,"M"
1992,"F"
1993,"M"
1994,"M"
1995,"F"
1996,"F"
1997,"M"
1998,"F"
1999,"M"
2000,"M"
2001,"F"
2002,"M"
2003,"M"
2004,"M"
2005,"M"
2006,"F"
2007,"M"
2008,"M"
2009,"F"
2010,"F"
2011,"M"
2012,"M"
2013,"M"
2014,"M"
2015,"F"
2016,"F"
2017,"M"
2018,"M"
2019,"F"
2020,"F"
2021,"M"
2022,"M"
2023,"M"
2024,"F"
2025,"M"
2026,"M"
2027,"F"
2028,"F"
2029,"M"
2030,"M"
2031,"M"
2032,"M"
2033,"M"
2034,"F"
2035,"F"
2036,"F"
2037,"F"
2038,"F"
2039,"M"
2040,"M"
2041,"F"
2042,"M"
2043,"M"
2044,"F"
2045,"M"
2046,"M"
2047,"F"
2048,"M"
2049,"F"
2050,"M"
2051,"M"
2052,"F"
2053,"M"
2054,"F"
2055,"F"
2056,"M"
2057,"F"
2058,"M"
2059,"M"
2060,"M"
2061,"F"
2062,"F"
2063,"M"
2064,"M"
2065,"M"
2066,"F"
2067,"M"
2068,"M"
2069,"F"
2070,"F"
2071,"F"
2072,"M"
2073,"F"
2074,"M"
2075,"F"
2076,"M"
2077,"F"
2078,"F"
2079,"F"
2080,"M"
2081,"F"
2082,"M"
2083,"M"
2084,"M"
2085,"M"
2086,"M"
2087,"M"
2088,"F"
2089,"M"
2090,"F"
2091,"F"
2092,"F"
2093,"M"
2094,"F"
2095,"F"
2096,"M"
2097,"M"
2098,"F"
2099,"F"
2100,"M"
2101,"F"
2102,"F"
2103,"M"
2104,"M"
2105,"F"
2106,"M"
2107,"M"
2108,"F"
2109,"F"
2110,"F"
2111,"M"
2112,"F"
2113,"F"
2114,"F"
2115,"F"
2116,"M"
2117,"F"
2118,"F"
2119,"F"
2120,"M"
2121,"M"
2122,"M"
2123,"F"
2124,"F"
2125,"F"
2126,"M"
2127,"F"
2128,"F"
2129,"M"
2130,"M"
2131,"F"
2132,"F"
2133,"F"
2134,"M"
2135,"M"
2136,"M"
2137,"F"
2138,"M"
2139,"F"
2140,"F"
2141,"M"
2142,"M"
2143,"M"
2144,"F"
2145,"M"
2146,"F"
2147,"F"
2148,"M"
2149,"F"
2150,"M"
2151,"M"
2152,"F"
2153,"M"
2154,"M"
2155,"F"
2156,"M"
2157,"M"
2158,"F"
2159,"F"
2160,"F"
2161,"F"
2162,"F"
2163,"F"
2164,"F"
2165,"M"
2166,"M"
2167,"M"
2168,"F"
2169,"M"
2170,"F"
2171,"M"
2172,"F"
2173,"M"
2174,"M"
2175,"M"
2176,"F"
2177,"F"
2178,"F"
2179,"F"
2180,"F"
2181,"M"
2182,"M"
2183,"F"
2184,"F"
2185,"M"
2186,"M"
2187,"F"
2188,"M"
2189,"F"
2190,"M"
2191,"F"
2192,"F"
2193,"F"
2194,"M"
2195,"F"
2196,"M"
2197,"M"
2198,"F"
2199,"M"
2200,"F"
2201,"M"
2202,"M"
2203,"F"
2204,"M"
2205,"M"
2206,"F"
2207,"F"
2208,"M"
2209,"F"
2210,"F"
2211,"F"
2212,"F"
2213,"M"
2214,"M"
2215,"M"
2216,"M"
2217,"F"
2218,"F"
2219,"F"
2220,"M"
2221,"M"
2222,"M"
2223,"F"
2224,"F"
2225,"M"
2226,"F"
2227,"F"
2228,"M"
2229,"F"
2230,"F"
2231,"F"
2232,"F"
2233,"F"
2234,"M"
2235,"M"
2236,"M"
2237,"F"
2238,"F"
2239,"M"
2240,"F"
2241,"M"
2242,"M"
2243,"M"
2244,"F"
2245,"M"
2246,"F"
2247,"M"
2248,"F"
2249,"M"
2250,"M"
2251,"M"
2252,"F"
2253,"M"
2254,"M"
2255,"F"
2256,"F"
2257,"F"
2258,"F"
2259,"F"
2260,"F"
2261,"F"
2262,"F"
2263,"M"
2264,"M"
2265,"M"
2266,"F"
2267,"F"
2268,"F"
2269,"M"
2270,"M"
2271,"M"
2272,"F"
2273,"F"
2274,"M"
2275,"F"
2276,"F"
2277,"M"
2278,"F"
2279,"F"
2280,"F"
2281,"F"
2282,"M"
2283,"F"
2284,"M"
2285,"M"
2286,"F"
2287,"F"
2288,"F"
2289,"F"
2290,"F"
2291,"F"
2292,"M"
2293,"F"
2294,"F"
2295,"F"
2296,"M"
2297,"F"
2298,"M"
2299,"M"
2300,"M"
2301,"M"
2302,"M"
2303,"F"
2304,"F"
2305,"M"
2306,"F"
2307,"M"
2308,"M"
2309,"F"
2310,"M"
2311,"F"
2312,"F"
2313,"M"
2314,"M"
2315,"M"
2316,"M"
2317,"M"
2318,"M"
2319,"M"
2320,"M"
2321,"F"
2322,"M"
2323,"M"
2324,"F"
2325,"F"
2326,"F"
2327,"M"
2328,"M"
2329,"F"
2330,"M"
2331,"F"
2332,"M"
2333,"M"
2334,"F"
2335,"M"
2336,"M"
2337,"F"
2338,"M"
2339,"F"
2340,"F"
2341,"M"
2342,"F"
2343,"M"
2344,"M"
2345,"F"
2346,"M"
2347,"F"
2348,"F"
2349,"F"
2350,"F"
2351,"F"
2352,"F"
2353,"F"
2354,"M"
2355,"F"
2356,"F"
2357,"M"
2358,"F"
2359,"F"
2360,"M"
2361,"F"
2362,"M"
2363,"F"
2364,"F"
2365,"F"
2366,"F"
2367,"M"
2368,"F"
2369,"F"
2370,"M"
2371,"M"
2372,"M"
2373,"F"
2374,"M"
2375,"F"
2376,"F"
2377,"M"
2378,"M"
2379,"M"
2380,"F"
2381,"M"
2382,"M"
2383,"M"
2384,"M"
2385,"F"
2386,"M"
2387,"M"
2388,"F"
2389,"M"
2390,"F"
2391,"F"
2392,"M"
2393,"M"
2394,"M"
2395,"F"
2396,"F"
2397,"M"
2398,"M"
2399,"M"
2400,"M"
2401,"F"
2402,"F"
2403,"M"
2404,"F"
2405,"F"
2406,"M"
2407,"M"
2408,"M"
2409,"M"
2410,"F"
2411,"M"
2412,"F"
2413,"M"
2414,"F"
2415,"M"
2416,"F"
2417,"F"
2418,"M"
2419,"M"
2420,"M"
2421,"M"
2422,"M"
2423,"M"
2424,"F"
2425,"F"
2426,"F"
2427,"M"
2428,"M"
2429,"M"
2430,"F"
2431,"M"
2432,"M"
2433,"M"
2434,"M"
2435,"F"
2436,"M"
2437,"F"
2438,"F"
2439,"M"
2440,"M"
2441,"M"
2442,"M"
2443,"F"
2444,"M"
2445,"F"
2446,"F"
2447,"M"
2448,"M"
2449,"F"
2450,"F"
2451,"F"
2452,"M"
2453,"F"
2454,"F"
2455,"F"
2456,"F"
2457,"M"
2458,"F"
2459,"F"
2460,"M"
2461,"M"
2462,"F"
2463,"F"
2464,"M"
2465,"M"
2466,"M"
2467,"M"
2468,"F"
2469,"M"
2470,"F"
2471,"F"
2472,"F"
2473,"M"
2474,"F"
2475,"M"
2476,"F"
2477,"F"
2478,"M"
2479,"M"
2480,"F"
2481,"M"
2482,"F"
2483,"F"
2484,"M"
2485,"F"
2486,"M"
2487,"F"
2488,"F"
2489,"M"
2490,"M"
2491,"F"
2492,"M"
2493,"F"
2494,"F"
2495,"F"
2496,"M"
2497,"M"
2498,"F"
2499,"F"
2500,"M"
2501,"M"
2502,"M"
2503,"F"
2504,"F"
2505,"M"
2506,"M"
2507,"F"
2508,"M"
2509,"F"
2510,"F"
2511,"F"
2512,"F"
2513,"F"
2514,"M"
2515,"M"
2516,"M"
2517,"M"
2518,"M"
2519,"M"
2520,"M"
2521,"F"
2522,"F"
2523,"F"
2524,"M"
2525,"M"
2526,"F"
2527,"F"
2528,"F"
2529,"M"
2530,"M"
2531,"F"
2532,"F"
2533,"M"
2534,"M"
2535,"F"
2536,"F"
2537,"M"
2538,"M"
2539,"F"
2540,"M"
2541,"F"
2542,"M"
2543,"F"
2544,"M"
2545,"F"
2546,"F"
2547,"M"
2548,"M"
2549,"M"
2550,"F"
2551,"F"
2552,"M"
2553,"F"
2554,"M"
2555,"F"
2556,"F"
2557,"F"
2558,"F"
2559,"M"
2560,"F"
2561,"F"
2562,"F"
2563,"M"
2564,"F"
2565,"F"
2566,"F"
2567,"M"
2568,"M"
2569,"F"
2570,"F"
2571,"F"
2572,"F"
2573,"M"
2574,"F"
2575,"M"
2576,"M"
2577,"F"
2578,"F"
2579,"F"
2580,"M"
2581,"F"
2582,"M"
2583,"F"
2584,"M"
2585,"F"
2586,"F"
2587,"M"
2588,"M"
2589,"M"
2590,"F"
2591,"M"
2592,"F"
2593,"M"
2594,"F"
2595,"M"
2596,"M"
2597,"M"
2598,"M"
2599,"M"
2600,"F"
2601,"M"
2602,"M"
2603,"F"
2604,"F"
2605,"M"
2606,"M"
2607,"F"
2608,"F"
2609,"F"
2610,"M"
2611,"M"
2612,"M"
2613,"F"
2614,"M"
2615,"F"
2616,"M"
2617,"F"
2618,"F"
2619,"F"
2620,"F"
2621,"M"
2622,"F"
2623,"F"
2624,"F"
2625,"M"
2626,"F"
2627,"M"
2628,"M"
2629,"M"
2630,"M"
2631,"F"
2632,"M"
2633,"F"
2634,"F"
2635,"F"
2636,"M"
2637,"M"
2638,"F"
2639,"M"
2640,"M"
2641,"M"
2642,"M"
2643,"F"
2644,"F"
2645,"M"
2646,"F"
2647,"M"
2648,"F"
2649,"M"
2650,"M"
2651,"F"
2652,"M"
2653,"F"
2654,"M"
2655,"F"
2656,"M"
2657,"F"
2658,"F"
2659,"F"
2660,"M"
2661,"F"
2662,"F"
2663,"F"
2664,"F"
2665,"F"
2666,"F"
2667,"M"
2668,"F"
2669,"M"
2670,"F"
2671,"F"
2672,"M"
2673,"M"
2674,"F"
2675,"F"
2676,"F"
2677,"M"
2678,"F"
2679,"M"
2680,"F"
2681,"F"
2682,"F"
2683,"F"
2684,"F"
2685,"M"
2686,"M"
2687,"F"
2688,"M"
2689,"M"
2690,"M"
2691,"F"
2692,"F"
2693,"M"
2694,"M"
2695,"M"
2696,"F"
2697,"M"
2698,"M"
2699,"M"
2700,"M"
2701,"F"
2702,"F"
2703,"M"
2704,"F"
2705,"M"
2706,"F"
2707,"M"
2708,"M"
2709,"F"
2710,"F"
2711,"M"
2712,"M"
2713,"M"
2714,"M"
2715,"F"
2716,"F"
2717,"M"
2718,"M"
2719,"M"
2720,"M"
2721,"F"
2722,"F"
2723,"F"
2724,"F"
2725,"F"
2726,"F"
2727,"M"
2728,"F"
2729,"F"
2730,"M"
2731,"F"
2732,"F"
2733,"F"
2734,"F"
2735,"F"
2736,"M"
2737,"F"
2738,"M"
2739,"M"
2740,"F"
2741,"F"
2742,"F"
2743,"M"
2744,"F"
2745,"F"
2746,"F"
2747,"F"
2748,"M"
2749,"F"
2750,"F"
2751,"M"
2752,"M"
2753,"F"
2754,"F"
2755,"F"
2756,"M"
2757,"M"
2758,"F"
2759,"M"
2760,"M"
2761,"F"
2762,"M"
2763,"F"
2764,"F"
2765,"M"
2766,"M"
2767,"M"
2768,"M"
2769,"M"
2770,"F"
2771,"M"
2772,"M"
2773,"F"
2774,"F"
2775,"M"
2776,"M"
2777,"M"
2778,"M"
2779,"M"
2780,"F"
2781,"M"
2782,"M"
2783,"F"
2784,"M"
2785,"F"
2786,"F"
2787,"F"
2788,"F"
2789,"M"
2790,"F"
2791,"M"
2792,"F"
2793,"F"
2794,"F"
2795,"M"
2796,"M"
2797,"M"
2798,"M"
2799,"M"
2800,"F"
2801,"F"
2802,"F"
2803,"F"
2804,"M"
2805,"F"
2806,"M"
2807,"F"
2808,"M"
2809,"M"
2810,"M"
2811,"M"
2812,"M"
2813,"F"
2814,"F"
2815,"F"
2816,"M"
2817,"F"
2818,"M"
2819,"F"
2820,"F"
2821,"M"
2822,"F"
2823,"F"
2824,"M"
2825,"M"
2826,"M"
2827,"F"
2828,"F"
2829,"M"
2830,"F"
2831,"M"
2832,"F"
2833,"M"
2834,"M"
2835,"F"
2836,"F"
2837,"F"
2838,"M"
2839,"F"
2840,"M"
2841,"F"
2842,"F"
2843,"F"
2844,"M"
2845,"M"
2846,"F"
2847,"M"
2848,"M"
2849,"M"
2850,"F"
2851,"F"
2852,"M"
2853,"F"
2854,"M"
2855,"M"
2856,"F"
2857,"F"
2858,"M"
2859,"F"
2860,"M"
2861,"F"
2862,"M"
2863,"F"
2864,"F"
2865,"M"
2866,"F"
2867,"F"
2868,"M"
2869,"F"
2870,"F"
2871,"M"
2872,"M"
2873,"M"
2874,"M"
2875,"F"
2876,"F"
2877,"F"
2878,"M"
2879,"M"
2880,"F"
2881,"M"
2882,"F"
2883,"F"
2884,"M"
2885,"M"
2886,"M"
2887,"M"
2888,"F"
2889,"F"
2890,"M"
2891,"F"
2892,"M"
2893,"F"
2894,"F"
2895,"M"
2896,"F"
2897,"F"
2898,"F"
2899,"F"
2900,"F"
2901,"M"
2902,"F"
2903,"M"
2904,"F"
2905,"F"
2906,"M"
2907,"F"
2908,"M"
2909,"F"
2910,"F"
2911,"M"
2912,"F"
2913,"F"
2914,"F"
2915,"M"
2916,"F"
2917,"M"
2918,"M"
2919,"F"
2920,"M"
2921,"F"
2922,"F"
2923,"M"
2924,"F"
2925,"F"
2926,"M"
2927,"F"
2928,"F"
2929,"M"
2930,"F"
2931,"M"
2932,"M"
2933,"M"
2934,"M"
2935,"M"
2936,"F"
2937,"F"
2938,"M"
2939,"F"
2940,"M"
2941,"F"
2942,"F"
2943,"M"
2944,"F"
2945,"F"
2946,"F"
2947,"M"
2948,"M"
2949,"F"
2950,"M"
2951,"F"
2952,"F"
2953,"M"
2954,"M"
2955,"M"
2956,"M"
2957,"F"
2958,"F"
2959,"F"
2960,"M"
2961,"M"
2962,"F"
2963,"M"
2964,"F"
2965,"F"
2966,"F"
2967,"M"
2968,"F"
2969,"M"
2970,"F"
2971,"M"
2972,"F"
2973,"F"
2974,"M"
2975,"M"
2976,"F"
2977,"F"
2978,"M"
2979,"M"
2980,"M"
2981,"F"
2982,"F"
2983,"M"
2984,"F"
2985,"F"
2986,"F"
2987,"M"
2988,"F"
2989,"F"
2990,"F"
2991,"F"
2992,"F"
2993,"F"
2994,"F"
2995,"F"
2996,"F"
2997,"F"
2998,"F"
2999,"M"
3000,"F"
3001,"F"
3002,"F"
3003,"M"
3004,"F"
3005,"F"
3006,"M"
3007,"F"
3008,"M"
3009,"F"
3010,"M"
3011,"F"
3012,"M"
3013,"F"
3014,"M"
3015,"F"
3016,"M"
3017,"F"
3018,"F"
3019,"M"
3020,"M"
3021,"M"
3022,"F"
3023,"F"
3024,"M"
3025,"M"
3026,"F"
3027,"M"
3028,"M"
3029,"F"
3030,"F"
3031,"F"
3032,"M"
3033,"F"
3034,"F"
3035,"F"
3036,"F"
3037,"F"
3038,"M"
3039,"F"
3040,"F"
3041,"F"
3042,"F"
3043,"M"
3044,"F"
3045,"M"
3046,"M"
3047,"M"
3048,"F"
3049,"F"
3050,"F"
3051,"F"
3052,"F"
3053,"F"
3054,"M"
3055,"F"
3056,"M"
3057,"M"
3058,"F"
3059,"M"
3060,"F"
3061,"F"
3062,"M"
3063,"F"
3064,"M"
3065,"M"
3066,"F"
3067,"F"
3068,"F"
3069,"F"
3070,"F"
3071,"M"
3072,"F"
3073,"M"
3074,"F"
3075,"F"
3076,"F"
3077,"M"
3078,"M"
3079,"F"
3080,"F"
3081,"F"
3082,"F"
3083,"F"
3084,"F"
3085,"F"
3086,"M"
3087,"M"
3088,"F"
3089,"F"
3090,"F"
3091,"M"
3092,"M"
3093,"F"
3094,"M"
3095,"F"
3096,"M"
3097,"F"
3098,"M"
3099,"F"
3100,"M"
3101,"M"
3102,"M"
3103,"M"
3104,"M"
3105,"F"
3106,"M"
3107,"F"
3108,"M"
3109,"M"
3110,"F"
3111,"M"
3112,"M"
3113,"M"
3114,"M"
3115,"F"
3116,"F"
3117,"M"
3118,"M"
3119,"M"
3120,"F"
3121,"M"
3122,"M"
3123,"F"
3124,"F"
3125,"M"
3126,"F"
3127,"F"
3128,"F"
3129,"F"
3130,"F"
3131,"F"
3132,"F"
3133,"F"
3134,"F"
3135,"M"
3136,"F"
3137,"F"
3138,"F"
3139,"M"
3140,"F"
3141,"M"
3142,"M"
3143,"F"
3144,"F"
3145,"F"
3146,"M"
3147,"F"
3148,"F"
3149,"M"
3150,"F"
3151,"F"
3152,"F"
3153,"M"
3154,"F"
3155,"F"
3156,"F"
3157,"M"
3158,"M"
3159,"F"
3160,"M"
3161,"M"
3162,"F"
3163,"F"
3164,"M"
3165,"M"
3166,"F"
3167,"F"
3168,"M"
3169,"M"
3170,"F"
3171,"M"
3172,"F"
3173,"M"
3174,"M"
3175,"F"
3176,"M"
3177,"F"
3178,"F"
3179,"M"
3180,"M"
3181,"M"
3182,"M"
3183,"F"
3184,"F"
3185,"M"
3186,"M"
3187,"F"
3188,"M"
3189,"F"
3190,"F"
3191,"F"
3192,"F"
3193,"F"
3194,"F"
3195,"F"
3196,"F"
3197,"M"
3198,"M"
3199,"M"
3200,"F"
3201,"M"
3202,"M"
3203,"F"
3204,"F"
3205,"F"
3206,"M"
3207,"M"
3208,"F"
3209,"F"
3210,"F"
3211,"F"
3212,"M"
3213,"F"
3214,"M"
3215,"M"
3216,"M"
3217,"F"
3218,"F"
3219,"F"
3220,"M"
3221,"F"
3222,"M"
3223,"M"
3224,"F"
3225,"M"
3226,"F"
3227,"F"
3228,"F"
3229,"M"
3230,"F"
3231,"M"
3232,"M"
3233,"F"
3234,"F"
3235,"M"
3236,"F"
3237,"F"
3238,"M"
3239,"F"
3240,"F"
3241,"F"
3242,"F"
3243,"F"
3244,"M"
3245,"F"
3246,"M"
3247,"M"
3248,"F"
3249,"F"
3250,"F"
3251,"F"
3252,"F"
3253,"M"
3254,"M"
3255,"F"
3256,"M"
3257,"F"
3258,"F"
3259,"M"
3260,"M"
3261,"F"
3262,"M"
3263,"M"
3264,"F"
3265,"F"
3266,"M"
3267,"M"
3268,"M"
3269,"M"
3270,"F"
3271,"F"
3272,"M"
3273,"M"
3274,"F"
3275,"M"
3276,"M"
3277,"M"
3278,"F"
3279,"M"
3280,"M"
3281,"M"
3282,"F"
3283,"M"
3284,"M"
3285,"F"
3286,"F"
3287,"F"
3288,"M"
3289,"F"
3290,"F"
3291,"M"
3292,"M"
3293,"F"
3294,"F"
3295,"F"
3296,"M"
3297,"M"
3298,"M"
3299,"F"
3300,"F"
3301,"M"
3302,"F"
3303,"M"
3304,"F"
3305,"F"
3306,"F"
3307,"F"
3308,"F"
3309,"F"
3310,"F"
3311,"M"
3312,"M"
3313,"F"
3314,"M"
3315,"F"
3316,"M"
3317,"F"
3318,"F"
3319,"M"
3320,"M"
3321,"M"
3322,"M"
3323,"F"
3324,"F"
3325,"M"
3326,"F"
3327,"F"
3328,"M"
3329,"M"
3330,"M"
3331,"M"
3332,"F"
3333,"M"
3334,"M"
3335,"F"
3336,"F"
3337,"F"
3338,"F"
3339,"F"
3340,"F"
3341,"M"
3342,"M"
3343,"F"
3344,"F"
3345,"M"
3346,"M"
3347,"M"
3348,"M"
3349,"M"
3350,"F"
3351,"F"
3352,"F"
3353,"M"
3354,"F"
3355,"M"
3356,"M"
3357,"M"
3358,"M"
3359,"M"
3360,"M"
3361,"M"
3362,"F"
3363,"M"
3364,"F"
3365,"F"
3366,"F"
3367,"M"
3368,"F"
3369,"F"
3370,"F"
3371,"M"
3372,"M"
3373,"F"
3374,"F"
3375,"M"
3376,"M"
3377,"F"
3378,"F"
3379,"F"
3380,"M"
3381,"F"
3382,"F"
3383,"M"
3384,"F"
3385,"F"
3386,"F"
3387,"F"
3388,"F"
3389,"F"
3390,"M"
3391,"M"
3392,"M"
3393,"F"
3394,"F"
3395,"M"
3396,"M"
3397,"M"
3398,"M"
3399,"F"
3400,"M"
3401,"F"
3402,"F"
3403,"M"
3404,"F"
3405,"F"
3406,"M"
3407,"F"
3408,"F"
3409,"M"
3410,"M"
3411,"M"
3412,"F"
3413,"M"
3414,"M"
3415,"F"
3416,"F"
3417,"F"
3418,"F"
3419,"F"
3420,"F"
3421,"F"
3422,"M"
3423,"F"
3424,"M"
3425,"F"
3426,"M"
3427,"F"
3428,"F"
3429,"M"
3430,"F"
3431,"M"
3432,"F"
3433,"F"
3434,"M"
3435,"F"
3436,"F"
3437,"M"
3438,"M"
3439,"F"
3440,"F"
3441,"M"
3442,"F"
3443,"F"
3444,"F"
3445,"F"
3446,"F"
3447,"F"
3448,"F"
3449,"F"
3450,"F"
3451,"M"
3452,"M"
3453,"F"
3454,"F"
3455,"M"
3456,"M"
3457,"F"
3458,"F"
3459,"F"
3460,"F"
3461,"F"
3462,"F"
3463,"F"
3464,"F"
3465,"F"
3466,"F"
3467,"M"
3468,"M"
3469,"F"
3470,"M"
3471,"F"
3472,"F"
3473,"F"
3474,"M"
3475,"M"
3476,"F"
3477,"M"
3478,"M"
3479,"F"
3480,"M"
3481,"F"
3482,"M"
3483,"M"
3484,"M"
3485,"F"
3486,"F"
3487,"F"
3488,"F"
3489,"F"
3490,"F"
3491,"F"
3492,"F"
3493,"F"
3494,"M"
3495,"M"
3496,"F"
3497,"F"
3498,"F"
3499,"F"
3500,"M"
3501,"M"
3502,"F"
3503,"M"
3504,"M"
3505,"F"
3506,"F"
3507,"M"
3508,"F"
3509,"F"
3510,"F"
3511,"F"
3512,"F"
3513,"F"
3514,"M"
3515,"F"
3516,"M"
3517,"F"
3518,"F"
3519,"F"
3520,"F"
3521,"M"
3522,"M"
3523,"F"
3524,"F"
3525,"F"
3526,"F"
3527,"M"
3528,"M"
3529,"M"
3530,"M"
3531,"M"
3532,"F"
3533,"F"
3534,"F"
3535,"M"
3536,"M"
3537,"F"
3538,"M"
3539,"M"
3540,"M"
3541,"M"
3542,"F"
3543,"M"
3544,"F"
3545,"M"
3546,"M"
3547,"F"
3548,"F"
3549,"M"
3550,"M"
3551,"F"
3552,"M"
3553,"M"
3554,"F"
3555,"M"
3556,"M"
3557,"M"
3558,"M"
3559,"M"
3560,"F"
3561,"F"
3562,"M"
3563,"F"
3564,"M"
3565,"M"
3566,"M"
3567,"F"
3568,"M"
3569,"M"
3570,"F"
3571,"M"
3572,"F"
3573,"M"
3574,"M"
3575,"F"
3576,"M"
3577,"F"
3578,"M"
3579,"M"
3580,"F"
3581,"M"
3582,"M"
3583,"F"
3584,"M"
3585,"F"
3586,"M"
3587,"F"
3588,"M"
3589,"M"
3590,"M"
3591,"M"
3592,"F"
3593,"F"
3594,"F"
3595,"M"
3596,"F"
3597,"F"
3598,"M"
3599,"M"
3600,"M"
3601,"F"
3602,"M"
3603,"F"
3604,"F"
3605,"M"
3606,"M"
3607,"M"
3608,"M"
3609,"F"
3610,"M"
3611,"M"
3612,"M"
3613,"M"
3614,"F"
3615,"M"
3616,"M"
3617,"F"
3618,"F"
3619,"F"
3620,"M"
3621,"F"
3622,"M"
3623,"M"
3624,"F"
3625,"M"
3626,"M"
3627,"M"
3628,"F"
3629,"F"
3630,"F"
3631,"F"
3632,"F"
3633,"F"
3634,"F"
3635,"F"
3636,"F"
3637,"F"
3638,"F"
3639,"M"
3640,"F"
3641,"M"
3642,"M"
3643,"F"
3644,"F"
3645,"F"
3646,"F"
3647,"M"
3648,"F"
3649,"F"
3650,"M"
3651,"F"
3652,"F"
3653,"M"
3654,"M"
3655,"M"
3656,"M"
3657,"F"
3658,"M"
3659,"M"
3660,"F"
3661,"F"
3662,"M"
3663,"M"
3664,"F"
3665,"M"
3666,"F"
3667,"F"
3668,"M"
3669,"M"
3670,"F"
3671,"M"
3672,"M"
3673,"F"
3674,"F"
3675,"F"
3676,"M"
3677,"M"
3678,"F"
3679,"M"
3680,"M"
3681,"F"
3682,"F"
3683,"F"
3684,"M"
3685,"M"
3686,"F"
3687,"M"
3688,"M"
3689,"F"
3690,"F"
3691,"M"
3692,"F"
3693,"F"
3694,"M"
3695,"F"
3696,"F"
3697,"M"
3698,"M"
3699,"M"
3700,"M"
3701,"F"
3702,"F"
3703,"M"
3704,"M"
3705,"M"
3706,"M"
3707,"M"
3708,"F"
3709,"F"
3710,"F"
3711,"F"
3712,"F"
3713,"M"
3714,"M"
3715,"M"
3716,"M"
3717,"F"
3718,"M"
3719,"M"
3720,"M"
3721,"F"
3722,"F"
3723,"F"
3724,"F"
3725,"M"
3726,"F"
3727,"M"
3728,"M"
3729,"F"
3730,"F"
3731,"F"
3732,"M"
3733,"M"
3734,"F"
3735,"F"
3736,"M"
3737,"F"
3738,"F"
3739,"M"
3740,"F"
3741,"F"
3742,"M"
3743,"M"
3744,"M"
3745,"M"
3746,"M"
3747,"F"
3748,"M"
3749,"M"
3750,"F"
3751,"F"
3752,"M"
3753,"M"
3754,"F"
3755,"F"
3756,"F"
3757,"F"
3758,"F"
3759,"M"
3760,"M"
3761,"M"
3762,"F"
3763,"M"
3764,"M"
3765,"F"
3766,"M"
3767,"M"
3768,"F"
3769,"M"
3770,"F"
3771,"F"
3772,"F"
3773,"M"
3774,"F"
3775,"F"
3776,"F"
3777,"M"
3778,"F"
3779,"M"
3780,"F"
3781,"M"
3782,"F"
3783,"M"
3784,"F"
3785,"M"
3786,"M"
3787,"F"
3788,"M"
3789,"F"
3790,"F"
3791,"F"
3792,"M"
3793,"F"
3794,"F"
3795,"F"
3796,"F"
3797,"F"
3798,"M"
3799,"M"
3800,"M"
3801,"M"
3802,"M"
3803,"M"
3804,"M"
3805,"M"
3806,"M"
3807,"F"
3808,"F"
3809,"F"
3810,"F"
3811,"F"
3812,"F"
3813,"M"
3814,"F"
3815,"F"
3816,"M"
3817,"M"
3818,"F"
3819,"F"
3820,"M"
3821,"M"
3822,"F"
3823,"F"
3824,"M"
3825,"M"
3826,"M"
3827,"M"
3828,"M"
3829,"M"
3830,"F"
3831,"M"
3832,"M"
3833,"M"
3834,"M"
3835,"M"
3836,"F"
3837,"F"
3838,"F"
3839,"F"
3840,"M"
3841,"M"
3842,"M"
3843,"F"
3844,"F"
3845,"F"
3846,"F"
3847,"M"
3848,"M"
3849,"M"
3850,"F"
3851,"F"
3852,"F"
3853,"F"
3854,"F"
3855,"M"
3856,"M"
3857,"M"
3858,"F"
3859,"M"
3860,"M"
3861,"M"
3862,"F"
3863,"M"
3864,"M"
3865,"M"
3866,"M"
3867,"F"
3868,"F"
3869,"F"
3870,"F"
3871,"F"
3872,"M"
3873,"M"
3874,"F"
3875,"F"
3876,"F"
3877,"M"
3878,"F"
3879,"F"
3880,"M"
3881,"M"
3882,"M"
3883,"F"
3884,"F"
3885,"M"
3886,"F"
3887,"M"
3888,"F"
3889,"F"
3890,"M"
3891,"F"
3892,"F"
3893,"F"
3894,"F"
3895,"F"
3896,"M"
3897,"F"
3898,"F"
3899,"F"
3900,"F"
3901,"M"
3902,"F"
3903,"M"
3904,"F"
3905,"M"
3906,"M"
3907,"F"
3908,"F"
3909,"F"
3910,"F"
3911,"M"
3912,"F"
3913,"M"
3914,"M"
3915,"M"
3916,"M"
3917,"M"
3918,"F"
3919,"F"
3920,"M"
3921,"F"
3922,"M"
3923,"F"
3924,"F"
3925,"M"
3926,"F"
3927,"M"
3928,"M"
3929,"F"
3930,"F"
3931,"F"
3932,"M"
3933,"F"
3934,"M"
3935,"F"
3936,"F"
3937,"M"
3938,"M"
3939,"F"
3940,"M"
3941,"F"
3942,"F"
3943,"M"
3944,"F"
3945,"M"
3946,"F"
3947,"M"
3948,"F"
3949,"M"
3950,"F"
3951,"M"
3952,"F"
3953,"M"
3954,"F"
3955,"M"
3956,"F"
3957,"F"
3958,"M"
3959,"F"
3960,"F"
3961,"F"
3962,"F"
3963,"M"
3964,"M"
3965,"M"
3966,"F"
3967,"M"
3968,"F"
3969,"M"
3970,"M"
3971,"F"
3972,"F"
3973,"M"
3974,"M"
3975,"M"
3976,"M"
3977,"F"
3978,"F"
3979,"F"
3980,"M"
3981,"F"
3982,"M"
3983,"M"
3984,"M"
3985,"M"
3986,"F"
3987,"M"
3988,"F"
3989,"M"
3990,"M"
3991,"M"
3992,"M"
3993,"M"
3994,"M"
3995,"M"
3996,"M"
3997,"F"
3998,"M"
3999,"F"
4000,"M"
4001,"M"
4002,"F"
4003,"F"
4004,"M"
4005,"M"
4006,"M"
4007,"M"
4008,"M"
4009,"F"
4010,"F"
4011,"M"
4012,"F"
4013,"M"
4014,"F"
4015,"F"
4016,"F"
4017,"F"
4018,"F"
4019,"M"
4020,"F"
4021,"F"
4022,"F"
4023,"M"
4024,"F"
4025,"M"
4026,"F"
4027,"M"
4028,"F"
4029,"F"
4030,"M"
4031,"M"
4032,"M"
4033,"F"
4034,"M"
4035,"M"
4036,"F"
4037,"F"
4038,"F"
4039,"F"
4040,"F"
4041,"M"
4042,"M"
4043,"M"
4044,"F"
4045,"F"
4046,"M"
4047,"M"
4048,"M"
4049,"F"
4050,"F"
4051,"F"
4052,"M"
4053,"M"
4054,"M"
4055,"M"
4056,"M"
4057,"F"
4058,"F"
4059,"F"
4060,"F"
4061,"F"
4062,"M"
4063,"F"
4064,"F"
4065,"M"
4066,"M"
4067,"M"
4068,"M"
4069,"M"
4070,"M"
4071,"M"
4072,"M"
4073,"M"
4074,"M"
4075,"F"
4076,"F"
4077,"F"
4078,"M"
4079,"M"
4080,"F"
4081,"M"
4082,"F"
4083,"F"
4084,"F"
4085,"M"
4086,"M"
4087,"M"
4088,"M"
4089,"F"
4090,"F"
4091,"F"
4092,"M"
4093,"F"
4094,"M"
4095,"M"
4096,"F"
4097,"M"
4098,"F"
4099,"F"
4100,"M"
4101,"M"
4102,"M"
4103,"F"
4104,"M"
4105,"F"
4106,"F"
4107,"M"
4108,"F"
4109,"M"
4110,"F"
4111,"F"
4112,"F"
4113,"F"
4114,"M"
4115,"F"
4116,"F"
4117,"M"
4118,"F"
4119,"M"
4120,"M"
4121,"M"
4122,"F"
4123,"M"
4124,"F"
4125,"F"
4126,"M"
4127,"F"
4128,"F"
4129,"F"
4130,"M"
4131,"M"
4132,"M"
4133,"M"
4134,"F"
4135,"M"
4136,"F"
4137,"F"
4138,"F"
4139,"F"
4140,"F"
4141,"M"
4142,"M"
4143,"F"
4144,"F"
4145,"F"
4146,"F"
4147,"F"
4148,"M"
4149,"F"
4150,"M"
4151,"M"
4152,"M"
4153,"F"
4154,"M"
4155,"M"
4156,"F"
4157,"M"
4158,"F"
4159,"M"
4160,"F"
4161,"F"
4162,"F"
4163,"M"
4164,"F"
4165,"M"
4166,"M"
4167,"M"
4168,"M"
4169,"F"
4170,"F"
4171,"M"
4172,"F"
4173,"F"
4174,"M"
4175,"F"
4176,"M"
4177,"F"
4178,"M"
4179,"F"
4180,"F"
4181,"F"
4182,"M"
4183,"F"
4184,"M"
4185,"F"
4186,"M"
4187,"F"
4188,"M"
4189,"F"
4190,"M"
4191,"M"
4192,"M"
4193,"F"
4194,"M"
4195,"M"
4196,"F"
4197,"M"
4198,"F"
4199,"F"
4200,"F"
4201,"M"
4202,"M"
4203,"F"
4204,"M"
4205,"M"
4206,"F"
4207,"F"
4208,"M"
4209,"M"
4210,"F"
4211,"M"
4212,"M"
4213,"M"
4214,"M"
4215,"F"
4216,"F"
4217,"F"
4218,"M"
4219,"M"
4220,"M"
4221,"F"
4222,"F"
4223,"F"
4224,"M"
4225,"M"
4226,"M"
4227,"F"
4228,"F"
4229,"M"
4230,"F"
4231,"F"
4232,"M"
4233,"F"
4234,"F"
4235,"M"
4236,"F"
4237,"F"
4238,"M"
4239,"M"
4240,"F"
4241,"M"
4242,"F"
4243,"M"
4244,"M"
4245,"M"
4246,"M"
4247,"F"
4248,"M"
4249,"F"
4250,"M"
4251,"F"
4252,"F"
4253,"F"
4254,"M"
4255,"M"
4256,"M"
4257,"F"
4258,"F"
4259,"M"
4260,"M"
4261,"M"
4262,"M"
4263,"M"
4264,"F"
4265,"F"
4266,"F"
4267,"M"
4268,"M"
4269,"M"
4270,"M"
4271,"M"
4272,"F"
4273,"F"
4274,"F"
4275,"F"
4276,"F"
4277,"M"
4278,"F"
4279,"M"
4280,"F"
4281,"F"
4282,"M"
4283,"M"
4284,"F"
4285,"M"
4286,"M"
4287,"F"
4288,"F"
4289,"M"
4290,"M"
4291,"M"
4292,"M"
4293,"M"
4294,"F"
4295,"M"
4296,"M"
4297,"M"
4298,"F"
4299,"M"
4300,"F"
4301,"F"
4302,"M"
4303,"M"
4304,"F"
4305,"F"
4306,"F"
4307,"M"
4308,"F"
4309,"M"
4310,"F"
4311,"M"
4312,"M"
4313,"F"
4314,"M"
4315,"M"
4316,"M"
4317,"M"
4318,"M"
4319,"M"
4320,"F"
4321,"M"
4322,"F"
4323,"F"
4324,"F"
4325,"M"
4326,"F"
4327,"M"
4328,"F"
4329,"F"
4330,"F"
4331,"F"
4332,"F"
4333,"F"
4334,"M"
4335,"F"
4336,"M"
4337,"M"
4338,"M"
4339,"M"
4340,"M"
4341,"M"
4342,"F"
4343,"F"
4344,"F"
4345,"M"
4346,"M"
4347,"M"
4348,"M"
4349,"F"
4350,"M"
4351,"M"
4352,"M"
4353,"F"
4354,"F"
4355,"F"
4356,"F"
4357,"M"
4358,"F"
4359,"F"
4360,"M"
4361,"M"
4362,"M"
4363,"F"
4364,"F"
4365,"M"
4366,"M"
4367,"F"
4368,"F"
4369,"M"
4370,"M"
4371,"F"
4372,"F"
4373,"M"
4374,"F"
4375,"M"
4376,"F"
4377,"M"
4378,"F"
4379,"F"
4380,"M"
4381,"F"
4382,"M"
4383,"F"
4384,"M"
4385,"F"
4386,"M"
4387,"F"
4388,"F"
4389,"F"
4390,"M"
4391,"F"
4392,"M"
4393,"F"
4394,"F"
4395,"M"
4396,"M"
4397,"F"
4398,"F"
4399,"M"
4400,"M"
4401,"M"
4402,"F"
4403,"M"
4404,"M"
4405,"F"
4406,"F"
4407,"F"
4408,"F"
4409,"M"
4410,"F"
4411,"F"
4412,"F"
4413,"F"
4414,"M"
4415,"F"
4416,"F"
4417,"M"
4418,"M"
4419,"M"
4420,"F"
4421,"M"
4422,"F"
4423,"M"
4424,"M"
4425,"M"
4426,"F"
4427,"M"
4428,"F"
4429,"F"
4430,"F"
4431,"M"
4432,"M"
4433,"M"
4434,"M"
4435,"F"
4436,"F"
4437,"F"
4438,"M"
4439,"M"
4440,"F"
4441,"F"
4442,"M"
4443,"F"
4444,"M"
4445,"M"
4446,"F"
4447,"F"
4448,"F"
4449,"M"
4450,"F"
4451,"M"
4452,"M"
4453,"M"
4454,"M"
4455,"M"
4456,"M"
4457,"M"
4458,"M"
4459,"F"
4460,"F"
4461,"M"
4462,"M"
4463,"M"
4464,"M"
4465,"F"
4466,"M"
4467,"F"
4468,"M"
4469,"M"
4470,"F"
4471,"F"
4472,"F"
4473,"F"
4474,"M"
4475,"F"
4476,"F"
4477,"F"
4478,"F"
4479,"F"
4480,"M"
4481,"M"
4482,"F"
4483,"F"
4484,"M"
4485,"F"
4486,"F"
4487,"F"
4488,"F"
4489,"M"
4490,"F"
4491,"F"
4492,"M"
4493,"M"
4494,"M"
4495,"F"
4496,"M"
4497,"M"
4498,"F"
4499,"M"
4500,"M"
4501,"M"
4502,"M"
4503,"M"
4504,"F"
4505,"F"
4506,"F"
4507,"M"
4508,"M"
4509,"M"
4510,"M"
4511,"M"
4512,"F"
4513,"M"
4514,"M"
4515,"M"
4516,"M"
4517,"F"
4518,"F"
4519,"F"
4520,"M"
4521,"M"
4522,"M"
4523,"M"
4524,"F"
4525,"M"
4526,"F"
4527,"F"
4528,"F"
4529,"F"
4530,"M"
4531,"F"
4532,"M"
4533,"M"
4534,"M"
4535,"M"
4536,"M"
4537,"M"
4538,"M"
4539,"M"
4540,"M"
4541,"F"
4542,"F"
4543,"F"
4544,"F"
4545,"M"
4546,"M"
4547,"M"
4548,"M"
4549,"M"
4550,"M"
4551,"F"
4552,"F"
4553,"M"
4554,"M"
4555,"M"
4556,"M"
4557,"M"
4558,"F"
4559,"M"
4560,"M"
4561,"F"
4562,"F"
4563,"F"
4564,"M"
4565,"F"
4566,"F"
4567,"F"
4568,"F"
4569,"F"
4570,"M"
4571,"M"
4572,"M"
4573,"F"
4574,"M"
4575,"M"
4576,"F"
4577,"F"
4578,"F"
4579,"M"
4580,"M"
4581,"F"
4582,"M"
4583,"M"
4584,"M"
4585,"F"
4586,"M"
4587,"F"
4588,"M"
4589,"M"
4590,"M"
4591,"F"
4592,"F"
4593,"F"
4594,"F"
4595,"M"
4596,"M"
4597,"F"
4598,"M"
4599,"F"
4600,"M"
4601,"F"
4602,"M"
4603,"F"
4604,"F"
4605,"M"
4606,"M"
4607,"M"
4608,"M"
4609,"M"
4610,"F"
4611,"M"
4612,"M"
4613,"F"
4614,"M"
4615,"F"
4616,"F"
4617,"F"
4618,"M"
4619,"F"
4620,"M"
4621,"F"
4622,"M"
4623,"M"
4624,"M"
4625,"M"
4626,"M"
4627,"F"
4628,"F"
4629,"F"
4630,"M"
4631,"M"
4632,"M"
4633,"F"
4634,"F"
4635,"M"
4636,"M"
4637,"F"
4638,"F"
4639,"F"
4640,"F"
4641,"M"
4642,"F"
4643,"M"
4644,"M"
4645,"M"
4646,"F"
4647,"F"
4648,"F"
4649,"F"
4650,"M"
4651,"F"
4652,"M"
4653,"M"
4654,"M"
4655,"F"
4656,"M"
4657,"M"
4658,"M"
4659,"M"
4660,"M"
4661,"F"
4662,"F"
4663,"F"
4664,"F"
4665,"M"
4666,"F"
4667,"M"
4668,"F"
4669,"F"
4670,"M"
4671,"M"
4672,"M"
4673,"F"
4674,"F"
4675,"F"
4676,"F"
4677,"F"
4678,"F"
4679,"M"
4680,"M"
4681,"M"
4682,"M"
4683,"F"
4684,"M"
4685,"F"
4686,"M"
4687,"M"
4688,"F"
4689,"F"
4690,"F"
4691,"M"
4692,"M"
4693,"F"
4694,"M"
4695,"F"
4696,"F"
4697,"M"
4698,"F"
4699,"F"
4700,"M"
4701,"F"
4702,"M"
4703,"F"
4704,"M"
4705,"F"
4706,"F"
4707,"M"
4708,"F"
4709,"M"
4710,"M"
4711,"F"
4712,"F"
4713,"M"
4714,"M"
4715,"F"
4716,"F"
4717,"F"
4718,"F"
4719,"F"
4720,"F"
4721,"F"
4722,"F"
4723,"F"
4724,"F"
4725,"F"
4726,"F"
4727,"F"
4728,"F"
4729,"M"
4730,"F"
4731,"M"
4732,"M"
4733,"M"
4734,"M"
4735,"F"
4736,"F"
4737,"F"
4738,"F"
4739,"F"
4740,"M"
4741,"F"
4742,"M"
4743,"F"
4744,"M"
4745,"M"
4746,"F"
4747,"M"
4748,"M"
4749,"M"
4750,"F"
4751,"M"
4752,"F"
4753,"F"
4754,"M"
4755,"M"
4756,"F"
4757,"M"
4758,"M"
4759,"F"
4760,"M"
4761,"F"
4762,"F"
4763,"M"
4764,"M"
4765,"F"
4766,"M"
4767,"M"
4768,"F"
4769,"M"
4770,"F"
4771,"F"
4772,"F"
4773,"M"
4774,"M"
4775,"M"
4776,"F"
4777,"M"
4778,"F"
4779,"F"
4780,"F"
4781,"F"
4782,"F"
4783,"F"
4784,"M"
4785,"F"
4786,"F"
4787,"F"
4788,"M"
4789,"F"
4790,"M"
4791,"M"
4792,"F"
4793,"M"
4794,"F"
4795,"M"
4796,"F"
4797,"M"
4798,"M"
4799,"M"
4800,"M"
4801,"F"
4802,"M"
4803,"M"
4804,"M"
4805,"M"
4806,"F"
4807,"M"
4808,"F"
4809,"M"
4810,"M"
4811,"M"
4812,"M"
4813,"F"
4814,"F"
4815,"M"
4816,"M"
4817,"F"
4818,"F"
4819,"F"
4820,"M"
4821,"F"
4822,"F"
4823,"M"
4824,"F"
4825,"F"
4826,"M"
4827,"F"
4828,"M"
4829,"M"
4830,"F"
4831,"F"
4832,"F"
4833,"M"
4834,"F"
4835,"M"
4836,"F"
4837,"F"
4838,"F"
4839,"M"
4840,"F"
4841,"F"
4842,"F"
4843,"M"
4844,"M"
4845,"F"
4846,"F"
4847,"F"
4848,"F"
4849,"M"
4850,"F"
4851,"M"
4852,"M"
4853,"F"
4854,"F"
4855,"M"
4856,"F"
4857,"F"
4858,"M"
4859,"M"
4860,"F"
4861,"M"
4862,"F"
4863,"M"
4864,"M"
4865,"M"
4866,"F"
4867,"F"
4868,"M"
4869,"M"
4870,"F"
4871,"F"
4872,"F"
4873,"F"
4874,"F"
4875,"F"
4876,"M"
4877,"M"
4878,"M"
4879,"M"
4880,"F"
4881,"M"
4882,"M"
4883,"F"
4884,"F"
4885,"M"
4886,"F"
4887,"F"
4888,"F"
4889,"F"
4890,"M"
4891,"F"
4892,"F"
4893,"F"
4894,"F"
4895,"M"
4896,"M"
4897,"M"
4898,"F"
4899,"F"
4900,"F"
4901,"M"
4902,"M"
4903,"F"
4904,"M"
4905,"F"
4906,"M"
4907,"M"
4908,"F"
4909,"F"
4910,"M"
4911,"M"
4912,"F"
4913,"M"
4914,"F"
4915,"M"
4916,"F"
4917,"M"
4918,"M"
4919,"M"
4920,"M"
4921,"M"
4922,"F"
4923,"M"
4924,"F"
4925,"M"
4926,"F"
4927,"M"
4928,"F"
4929,"F"
4930,"F"
4931,"M"
4932,"F"
4933,"F"
4934,"M"
4935,"M"
4936,"F"
4937,"F"
4938,"M"
4939,"M"
4940,"F"
4941,"M"
4942,"F"
4943,"F"
4944,"M"
4945,"M"
4946,"M"
4947,"M"
4948,"F"
4949,"F"
4950,"F"
4951,"F"
4952,"F"
4953,"M"
4954,"M"
4955,"M"
4956,"F"
4957,"M"
4958,"F"
4959,"F"
4960,"M"
4961,"M"
4962,"F"
4963,"M"
4964,"M"
4965,"M"
4966,"M"
4967,"M"
4968,"M"
4969,"M"
4970,"F"
4971,"F"
4972,"M"
4973,"F"
4974,"M"
4975,"M"
4976,"M"
4977,"M"
4978,"F"
4979,"F"
4980,"M"
4981,"F"
4982,"F"
4983,"F"
4984,"M"
4985,"F"
4986,"M"
4987,"F"
4988,"M"
4989,"F"
4990,"F"
4991,"M"
4992,"F"
4993,"F"
4994,"F"
4995,"F"
4996,"M"
4997,"F"
4998,"F"
4999,"F"
5000,"F"
